﻿<?xml version="1.0" encoding="UTF-8"?>
<!-- edited with XMLSpy v2020 rel. 2 sp1 (x64) (http://www.altova.com) by  (Australian Bureau of Statistics) --><!-- UNCLASSIFIED --><!-- Built from ANZLIC MET Template ISO 19139 2009-02-18 --><gmd:MD_Metadata xmlns:gmd="http://www.isotc211.org/2005/gmd" xmlns:gco="http://www.isotc211.org/2005/gco" xmlns:xsi="http://www.w3.org/2001/XMLSchema-instance" xmlns:gml="http://www.opengis.net/gml" xmlns:gts="http://www.isotc211.org/2005/gts" xmlns:xlink="http://www.w3.org/1999/xlink" xsi:schemaLocation="http://www.isotc211.org/2005/gmd http://www.isotc211.org/2005/gmd/gmd.xsd http://www.opengis.net/gml http://www.isotc211.org/2005/gml/gml.xsd http://www.w3.org/1999/xlink http://www.isotc211.org/2005/xlink/xlinks.xsd">
	<gmd:fileIdentifier>
		<gco:CharacterString>ABS-ASGS-ED3-SAL-2021-7844</gco:CharacterString>
	</gmd:fileIdentifier>
	<gmd:language>
		<gco:CharacterString>eng</gco:CharacterString>
	</gmd:language>
	<gmd:characterSet>
		<gmd:MD_CharacterSetCode codeList="http://asdd.ga.gov.au/asdd/profileinfo/gmxCodelists.xml#MD_CharacterSetCode" codeListValue="utf8">utf8</gmd:MD_CharacterSetCode>
	</gmd:characterSet>
	<gmd:hierarchyLevel>
		<gmd:MD_ScopeCode codeList="http://asdd.ga.gov.au/asdd/profileinfo/GAScopeCodeList.xml#MD_ScopeCode" codeListValue="dataset">dataset</gmd:MD_ScopeCode>
	</gmd:hierarchyLevel>
	<gmd:hierarchyLevelName>
		<gco:CharacterString>dataset</gco:CharacterString>
	</gmd:hierarchyLevelName>
	<gmd:contact>
		<gmd:CI_ResponsibleParty>
			<gmd:individualName gco:nilReason="NA">
				<gco:CharacterString>
        </gco:CharacterString>
			</gmd:individualName>
			<gmd:organisationName>
				<gco:CharacterString>Australian Bureau of Statistics (ABS)</gco:CharacterString>
			</gmd:organisationName>
			<gmd:positionName>
				<gco:CharacterString>ASGS Manager</gco:CharacterString>
			</gmd:positionName>
			<gmd:contactInfo>
				<gmd:CI_Contact>
					<gmd:phone>
						<gmd:CI_Telephone>
							<gmd:voice>
								<gco:CharacterString>1300 135 070</gco:CharacterString>
							</gmd:voice>
						</gmd:CI_Telephone>
					</gmd:phone>
					<gmd:address>
						<gmd:CI_Address>
							<gmd:deliveryPoint>
								<gco:CharacterString>Locked Bag 10</gco:CharacterString>
							</gmd:deliveryPoint>
							<gmd:city>
								<gco:CharacterString>BELCONNEN</gco:CharacterString>
							</gmd:city>
							<gmd:administrativeArea>
								<gco:CharacterString>ACT</gco:CharacterString>
							</gmd:administrativeArea>
							<gmd:postalCode>
								<gco:CharacterString>2616</gco:CharacterString>
							</gmd:postalCode>
							<gmd:country>
								<gco:CharacterString>Australia</gco:CharacterString>
							</gmd:country>
							<gmd:electronicMailAddress>
								<gco:CharacterString>client.services@abs.gov.au</gco:CharacterString>
							</gmd:electronicMailAddress>
						</gmd:CI_Address>
					</gmd:address>
				</gmd:CI_Contact>
			</gmd:contactInfo>
			<gmd:role>
				<gmd:CI_RoleCode codeList="http://asdd.ga.gov.au/asdd/profileinfo/gmxCodelists.xml#CI_RoleCode" codeListValue="author">author</gmd:CI_RoleCode>
			</gmd:role>
		</gmd:CI_ResponsibleParty>
	</gmd:contact>
	<gmd:dateStamp>
		<gco:Date>2021-10-06</gco:Date>
	</gmd:dateStamp>
	<gmd:metadataStandardName>
		<gco:CharacterString>ANZLIC Metadata Profile: An Australian/New Zealand Profile of AS/NZS ISO 19115:2005, Geographic information - Metadata</gco:CharacterString>
	</gmd:metadataStandardName>
	<gmd:metadataStandardVersion>
		<gco:CharacterString>1.1</gco:CharacterString>
	</gmd:metadataStandardVersion>
	<gmd:referenceSystemInfo>
		<gmd:MD_ReferenceSystem>
			<gmd:referenceSystemIdentifier>
				<gmd:RS_Identifier>
					<gmd:code>
						<gco:CharacterString>GDA2020 (7 Parameter GDA94 to GDA2020)</gco:CharacterString>
					</gmd:code>
				</gmd:RS_Identifier>
			</gmd:referenceSystemIdentifier>
		</gmd:MD_ReferenceSystem>
	</gmd:referenceSystemInfo>
	<gmd:identificationInfo>
		<gmd:MD_DataIdentification>
			<gmd:citation>
				<gmd:CI_Citation>
					<gmd:title>
						<gco:CharacterString>SAL_2021_AUST_GDA2020</gco:CharacterString>
					</gmd:title>
					<gmd:alternateTitle>
						<gco:CharacterString>Suburbs and Localities 2021</gco:CharacterString>
					</gmd:alternateTitle>
					<gmd:date>
						<gmd:CI_Date>
							<gmd:date>
								<gco:Date>2021-10-06</gco:Date>
							</gmd:date>
							<gmd:dateType>
								<gmd:CI_DateTypeCode codeList="http://asdd.ga.gov.au/asdd/profileinfo/gmxCodelists.xml#CI_DateTypeCode" codeListValue="publication">publication</gmd:CI_DateTypeCode>
							</gmd:dateType>
						</gmd:CI_Date>
					</gmd:date>
					<gmd:otherCitationDetails>
						<gco:CharacterString>Australian Statistical Geography Standard (ASGS) Edition 3 https://www.abs.gov.au/statistics/standards/australian-statistical-geography-standard-asgs-edition-3/jul2021-jun2026</gco:CharacterString>
					</gmd:otherCitationDetails>
				</gmd:CI_Citation>
			</gmd:citation>
			<gmd:abstract>
				<gco:CharacterString>Suburbs and Localities (SALs), formerly State Suburbs (SSCs), are an ABS Mesh Block approximation of gazetted localities. Gazetted localities refer to boundaries of suburbs in cities and larger towns and localities in other locations. Gazetted localities cover most of Australia. Please note that ABS approximated boundaries do not match official legal or administrative boundaries and should only be used for statistical purposes. Further information about these regions can be found in the following publication: Australian Statistical Geography Standard (ASGS) Edition 3 https://www.abs.gov.au/statistics/standards/australian-statistical-geography-standard-asgs-edition-3/jul2021-jun2026</gco:CharacterString>
			</gmd:abstract>
			<gmd:purpose>
				<gco:CharacterString>Suburbs and Localities are created to enable the release of ABS data on areas that, as closely as possible, approximates Gazetted Localities. The area of South Australia that is not covered by gazetted localities has been assigned to the Suburb and Locality “SA Remainder”. Similarly, the area of the ACT that is not currently covered by Gazetted Localities has been defined as “ACT Remainder”. “ACT Remainder” has been further broken down to approximate the ACT District boundaries. </gco:CharacterString>
			</gmd:purpose>
			<gmd:status>
				<gmd:MD_ProgressCode codeList="http://asdd.ga.gov.au/asdd/profileinfo/gmxCodelists.xml#MD_ProgressCode" codeListValue="completed">completed</gmd:MD_ProgressCode>
			</gmd:status>
			<gmd:pointOfContact>
				<gmd:CI_ResponsibleParty>
					<gmd:individualName gco:nilReason="NA">
						<gco:CharacterString/>
					</gmd:individualName>
					<gmd:organisationName>
						<gco:CharacterString>Australian Bureau of Statistics (ABS)</gco:CharacterString>
					</gmd:organisationName>
					<gmd:positionName>
						<gco:CharacterString>Customer Assistance Service</gco:CharacterString>
					</gmd:positionName>
					<gmd:contactInfo>
						<gmd:CI_Contact>
							<gmd:phone>
								<gmd:CI_Telephone>
									<gmd:voice>
										<gco:CharacterString>1300 135 070</gco:CharacterString>
									</gmd:voice>
									<gmd:facsimile gco:nilReason="missing">
										<gco:CharacterString/>
									</gmd:facsimile>
								</gmd:CI_Telephone>
							</gmd:phone>
							<gmd:address>
								<gmd:CI_Address>
									<gmd:deliveryPoint>
										<gco:CharacterString>Locked Bag 10</gco:CharacterString>
									</gmd:deliveryPoint>
									<gmd:city>
										<gco:CharacterString>BELCONNEN</gco:CharacterString>
									</gmd:city>
									<gmd:administrativeArea>
										<gco:CharacterString>ACT</gco:CharacterString>
									</gmd:administrativeArea>
									<gmd:postalCode>
										<gco:CharacterString>2616</gco:CharacterString>
									</gmd:postalCode>
									<gmd:country>
										<gco:CharacterString>Australia</gco:CharacterString>
									</gmd:country>
									<gmd:electronicMailAddress>
										<gco:CharacterString>client.services@abs.gov.au</gco:CharacterString>
									</gmd:electronicMailAddress>
								</gmd:CI_Address>
							</gmd:address>
						</gmd:CI_Contact>
					</gmd:contactInfo>
					<gmd:role>
						<gmd:CI_RoleCode codeList="http://asdd.ga.gov.au/asdd/profileinfo/gmxCodelists.xml#CI_RoleCode" codeListValue="pointOfContact">pointOfContact</gmd:CI_RoleCode>
					</gmd:role>
				</gmd:CI_ResponsibleParty>
			</gmd:pointOfContact>
			<gmd:resourceMaintenance>
				<gmd:MD_MaintenanceInformation>
					<gmd:maintenanceAndUpdateFrequency>
						<gmd:MD_MaintenanceFrequencyCode codeList="http://asdd.ga.gov.au/asdd/profileinfo/gmxCodelists.xml#MD_MaintenanceFrequencyCode" codeListValue="continual">continual</gmd:MD_MaintenanceFrequencyCode>
					</gmd:maintenanceAndUpdateFrequency>
					<gmd:dateOfNextUpdate>
						<gco:Date>2026</gco:Date>
					</gmd:dateOfNextUpdate>
				</gmd:MD_MaintenanceInformation>
			</gmd:resourceMaintenance>
			<gmd:resourceFormat xlink:type="simple">
				<gmd:MD_Format>
					<gmd:name>
						<gco:CharacterString>*.xml</gco:CharacterString>
					</gmd:name>
					<gmd:version>
						<gco:CharacterString>Unknown</gco:CharacterString>
					</gmd:version>
				</gmd:MD_Format>
			</gmd:resourceFormat>
			<gmd:descriptiveKeywords>
				<gmd:MD_Keywords>
					<gmd:keyword>
						<gco:CharacterString>Australia</gco:CharacterString>
					</gmd:keyword>
					<gmd:type>
						<gmd:MD_KeywordTypeCode codeList="http://asdd.ga.gov.au/asdd/profileinfo/gmxCodelists.xml#MD_KeywordTypeCode" codeListValue="theme">theme</gmd:MD_KeywordTypeCode>
					</gmd:type>
					<gmd:thesaurusName>
						<gmd:CI_Citation>
							<gmd:title>
								<gco:CharacterString>ANZLIC Jurisdictions</gco:CharacterString>
							</gmd:title>
							<gmd:date>
								<gmd:CI_Date>
									<gmd:date>
										<gco:Date>2008-10-29</gco:Date>
									</gmd:date>
									<gmd:dateType>
										<gmd:CI_DateTypeCode codeList="http://asdd.ga.gov.au/asdd/profileinfo/gmxCodelists.xml#CI_DateTypeCode" codeListValue="revision">revision</gmd:CI_DateTypeCode>
									</gmd:dateType>
								</gmd:CI_Date>
							</gmd:date>
							<gmd:edition>
								<gco:CharacterString>Version 2.1</gco:CharacterString>
							</gmd:edition>
							<gmd:editionDate>
								<gco:Date>2008-10-29</gco:Date>
							</gmd:editionDate>
							<gmd:identifier>
								<gmd:MD_Identifier>
									<gmd:code>
										<gco:CharacterString>http://asdd.ga.gov.au/asdd/profileinfo/anzlic-jurisdic.xml#anzlic-jurisdic</gco:CharacterString>
									</gmd:code>
								</gmd:MD_Identifier>
							</gmd:identifier>
							<gmd:citedResponsibleParty>
								<gmd:CI_ResponsibleParty>
									<gmd:organisationName>
										<gco:CharacterString>ANZLIC the Spatial Information Council</gco:CharacterString>
									</gmd:organisationName>
									<gmd:role>
										<gmd:CI_RoleCode codeList="http://asdd.ga.gov.au/asdd/profileinfo/gmxCodelists.xml#CI_RoleCode" codeListValue="custodian">custodian</gmd:CI_RoleCode>
									</gmd:role>
								</gmd:CI_ResponsibleParty>
							</gmd:citedResponsibleParty>
						</gmd:CI_Citation>
					</gmd:thesaurusName>
				</gmd:MD_Keywords>
			</gmd:descriptiveKeywords>
			<gmd:descriptiveKeywords>
				<gmd:MD_Keywords>
					<gmd:keyword>
						<gco:CharacterString>ABS</gco:CharacterString>
					</gmd:keyword>
					<gmd:keyword>
						<gco:CharacterString>ASGS</gco:CharacterString>
					</gmd:keyword>
					<gmd:keyword>
						<gco:CharacterString>BOUNDARIES - Statistical</gco:CharacterString>
					</gmd:keyword>
					<gmd:keyword>
						<gco:CharacterString>STATISTICAL GEOGRAPHY</gco:CharacterString>
					</gmd:keyword>
					<gmd:type>
						<gmd:MD_KeywordTypeCode codeList="http://asdd.ga.gov.au/asdd/profileinfo/gmxCodelists.xml#MD_KeywordTypeCode" codeListValue="theme">theme</gmd:MD_KeywordTypeCode>
					</gmd:type>
					<gmd:thesaurusName>
						<gmd:CI_Citation>
							<gmd:title>
								<gco:CharacterString>ANZLIC Search Words</gco:CharacterString>
							</gmd:title>
							<gmd:date>
								<gmd:CI_Date>
									<gmd:date>
										<gco:Date>2008-05-16</gco:Date>
									</gmd:date>
									<gmd:dateType>
										<gmd:CI_DateTypeCode codeList="http://asdd.ga.gov.au/asdd/profileinfo/gmxCodelists.xml#CI_DateTypeCode" codeListValue="revision">revision</gmd:CI_DateTypeCode>
									</gmd:dateType>
								</gmd:CI_Date>
							</gmd:date>
							<gmd:edition>
								<gco:CharacterString>Version 2.1</gco:CharacterString>
							</gmd:edition>
							<gmd:editionDate>
								<gco:Date>2008-05-16</gco:Date>
							</gmd:editionDate>
							<gmd:identifier>
								<gmd:MD_Identifier>
									<gmd:code>
										<gco:CharacterString>http://asdd.ga.gov.au/asdd/profileinfo/anzlic-theme.xml#anzlic-theme</gco:CharacterString>
									</gmd:code>
								</gmd:MD_Identifier>
							</gmd:identifier>
							<gmd:citedResponsibleParty>
								<gmd:CI_ResponsibleParty>
									<gmd:organisationName>
										<gco:CharacterString>ANZLIC the Spatial Information Council</gco:CharacterString>
									</gmd:organisationName>
									<gmd:role>
										<gmd:CI_RoleCode codeList="http://asdd.ga.gov.au/asdd/profileinfo/gmxCodelists.xml#CI_RoleCode" codeListValue="custodian">custodian</gmd:CI_RoleCode>
									</gmd:role>
								</gmd:CI_ResponsibleParty>
							</gmd:citedResponsibleParty>
						</gmd:CI_Citation>
					</gmd:thesaurusName>
				</gmd:MD_Keywords>
			</gmd:descriptiveKeywords>
			<gmd:resourceConstraints>
				<gmd:MD_LegalConstraints>
					<gmd:useLimitation>
						<gco:CharacterString>Unless otherwise noted, content is licensed under a Creative Commons Attribution 4.0 International (CC BY 4.0) </gco:CharacterString>
					</gmd:useLimitation>
					<gmd:useConstraints>
						<gmd:MD_RestrictionCode codeList="http://asdd.ga.gov.au/asdd/profileinfo/gmxCodelists.xml#MD_RestrictionCode" codeListValue="license">license</gmd:MD_RestrictionCode>
					</gmd:useConstraints>
				</gmd:MD_LegalConstraints>
			</gmd:resourceConstraints>
			<gmd:spatialRepresentationType>
				<gmd:MD_SpatialRepresentationTypeCode codeList="http://asdd.ga.gov.au/asdd/profileinfo/gmxCodelists.xml#MD_SpatialRepresentationTypeCode" codeListValue="vector">vector</gmd:MD_SpatialRepresentationTypeCode>
			</gmd:spatialRepresentationType>
			<gmd:language>
				<gco:CharacterString>eng</gco:CharacterString>
			</gmd:language>
			<gmd:characterSet>
				<gmd:MD_CharacterSetCode codeList="http://asdd.ga.gov.au/asdd/profileinfo/gmxCodelists.xml#MD_CharacterSetCode" codeListValue="utf8">utf8</gmd:MD_CharacterSetCode>
			</gmd:characterSet>
			<gmd:topicCategory>
				<gmd:MD_TopicCategoryCode>boundaries</gmd:MD_TopicCategoryCode>
			</gmd:topicCategory>
			<gmd:extent>
				<gmd:EX_Extent>
					<gmd:geographicElement>
						<gmd:EX_GeographicBoundingBox>
							<gmd:westBoundLongitude>
								<gco:Decimal>96.0</gco:Decimal>
							</gmd:westBoundLongitude>
							<gmd:eastBoundLongitude>
								<gco:Decimal>169.0</gco:Decimal>
							</gmd:eastBoundLongitude>
							<gmd:southBoundLatitude>
								<gco:Decimal>-45.0</gco:Decimal>
							</gmd:southBoundLatitude>
							<gmd:northBoundLatitude>
								<gco:Decimal>-8.0</gco:Decimal>
							</gmd:northBoundLatitude>
						</gmd:EX_GeographicBoundingBox>
					</gmd:geographicElement>
				</gmd:EX_Extent>
			</gmd:extent>
		</gmd:MD_DataIdentification>
	</gmd:identificationInfo>
	<gmd:distributionInfo>
		<gmd:MD_Distribution>
			<gmd:distributor>
				<gmd:MD_Distributor>
					<gmd:distributorContact>
						<gmd:CI_ResponsibleParty>
							<gmd:individualName gco:nilReason="NA">
								<gco:CharacterString/>
							</gmd:individualName>
							<gmd:organisationName>
								<gco:CharacterString>Australian Bureau of Statistics (ABS)</gco:CharacterString>
							</gmd:organisationName>
							<gmd:positionName>
								<gco:CharacterString>Customer Assistance Service</gco:CharacterString>
							</gmd:positionName>
							<gmd:contactInfo>
								<gmd:CI_Contact>
									<gmd:phone>
										<gmd:CI_Telephone>
											<gmd:voice>
												<gco:CharacterString>1300 135 070</gco:CharacterString>
											</gmd:voice>
											<gmd:facsimile gco:nilReason="missing">
												<gco:CharacterString/>
											</gmd:facsimile>
										</gmd:CI_Telephone>
									</gmd:phone>
									<gmd:address>
										<gmd:CI_Address>
											<gmd:deliveryPoint>
												<gco:CharacterString>Australian Bureau of Statistics (ABS)</gco:CharacterString>
											</gmd:deliveryPoint>
											<gmd:city>
												<gco:CharacterString>BELCONNEN</gco:CharacterString>
											</gmd:city>
											<gmd:administrativeArea>
												<gco:CharacterString>ACT</gco:CharacterString>
											</gmd:administrativeArea>
											<gmd:postalCode>
												<gco:CharacterString>2616</gco:CharacterString>
											</gmd:postalCode>
											<gmd:country>
												<gco:CharacterString>Australia</gco:CharacterString>
											</gmd:country>
											<gmd:electronicMailAddress>
												<gco:CharacterString>client.services@abs.gov.au</gco:CharacterString>
											</gmd:electronicMailAddress>
										</gmd:CI_Address>
									</gmd:address>
								</gmd:CI_Contact>
							</gmd:contactInfo>
							<gmd:role>
								<gmd:CI_RoleCode codeList="http://asdd.ga.gov.au/asdd/profileinfo/gmxCodelists.xml#CI_RoleCode" codeListValue="distributor">distributor</gmd:CI_RoleCode>
							</gmd:role>
						</gmd:CI_ResponsibleParty>
					</gmd:distributorContact>
					<gmd:distributionOrderProcess>
						<gmd:MD_StandardOrderProcess>
							<gmd:fees>
								<gco:CharacterString>Free to download from website</gco:CharacterString>
							</gmd:fees>
							<gmd:orderingInstructions>
								<gco:CharacterString>Download from website</gco:CharacterString>
							</gmd:orderingInstructions>
						</gmd:MD_StandardOrderProcess>
					</gmd:distributionOrderProcess>
					<gmd:distributorFormat>
						<gmd:MD_Format>
							<gmd:name>
								<gco:CharacterString>Shape (shp)</gco:CharacterString>
							</gmd:name>
							<gmd:version>
								<gco:CharacterString>Edition 3 2021</gco:CharacterString>
							</gmd:version>
							<gmd:specification>
								<gco:CharacterString>ESRI Shape File</gco:CharacterString>
							</gmd:specification>
						</gmd:MD_Format>
					</gmd:distributorFormat>
					<gmd:distributorTransferOptions>
						<gmd:MD_DigitalTransferOptions>
							<gmd:onLine>
								<gmd:CI_OnlineResource>
									<gmd:linkage>
										<gmd:URL>https://www.abs.gov.au/statistics/standards/australian-statistical-geography-standard-asgs-edition-3/jul2021-jun2026</gmd:URL>
									</gmd:linkage>
								</gmd:CI_OnlineResource>
							</gmd:onLine>
							<gmd:offLine>
								<gmd:MD_Medium>
									<gmd:name>
										<gmd:MD_MediumNameCode codeList="http://asdd.ga.gov.au/asdd/profileinfo/gmxCodelists.xml#MD_MediumNameCode" codeListValue="onLine">onLine</gmd:MD_MediumNameCode>
									</gmd:name>
								</gmd:MD_Medium>
							</gmd:offLine>
						</gmd:MD_DigitalTransferOptions>
					</gmd:distributorTransferOptions>
				</gmd:MD_Distributor>
			</gmd:distributor>
			<gmd:distributor>
				<gmd:MD_Distributor>
					<gmd:distributorContact>
						<gmd:CI_ResponsibleParty>
							<gmd:individualName gco:nilReason="missing">
								<gco:CharacterString/>
							</gmd:individualName>
							<gmd:organisationName>
								<gco:CharacterString>Australian Bureau of Statistics (ABS)</gco:CharacterString>
							</gmd:organisationName>
							<gmd:positionName>
								<gco:CharacterString>Customer Assistance Service</gco:CharacterString>
							</gmd:positionName>
							<gmd:contactInfo>
								<gmd:CI_Contact>
									<gmd:phone>
										<gmd:CI_Telephone>
											<gmd:voice>
												<gco:CharacterString>1300 135 070</gco:CharacterString>
											</gmd:voice>
											<gmd:facsimile gco:nilReason="missing">
												<gco:CharacterString/>
											</gmd:facsimile>
										</gmd:CI_Telephone>
									</gmd:phone>
									<gmd:address>
										<gmd:CI_Address>
											<gmd:deliveryPoint>
												<gco:CharacterString>Australian Bureau of Statistics (ABS)</gco:CharacterString>
											</gmd:deliveryPoint>
											<gmd:city>
												<gco:CharacterString>BELCONNEN</gco:CharacterString>
											</gmd:city>
											<gmd:administrativeArea>
												<gco:CharacterString>ACT</gco:CharacterString>
											</gmd:administrativeArea>
											<gmd:postalCode>
												<gco:CharacterString>2616</gco:CharacterString>
											</gmd:postalCode>
											<gmd:country>
												<gco:CharacterString>Australia</gco:CharacterString>
											</gmd:country>
											<gmd:electronicMailAddress>
												<gco:CharacterString>client.services@abs.gov.au</gco:CharacterString>
											</gmd:electronicMailAddress>
										</gmd:CI_Address>
									</gmd:address>
								</gmd:CI_Contact>
							</gmd:contactInfo>
							<gmd:role>
								<gmd:CI_RoleCode codeList="http://asdd.ga.gov.au/asdd/profileinfo/gmxCodelists.xml#CI_RoleCode" codeListValue="distributor">distributor</gmd:CI_RoleCode>
							</gmd:role>
						</gmd:CI_ResponsibleParty>
					</gmd:distributorContact>
					<gmd:distributionOrderProcess>
						<gmd:MD_StandardOrderProcess>
							<gmd:fees>
								<gco:CharacterString>Free to download from website.</gco:CharacterString>
							</gmd:fees>
							<gmd:orderingInstructions>
								<gco:CharacterString>Download from website</gco:CharacterString>
							</gmd:orderingInstructions>
						</gmd:MD_StandardOrderProcess>
					</gmd:distributionOrderProcess>
					<gmd:distributorFormat>
						<gmd:MD_Format>
							<gmd:name>
								<gco:CharacterString>GeoPackage (gpkg)</gco:CharacterString>
							</gmd:name>
							<gmd:version>
								<gco:CharacterString>Edition 3 2021</gco:CharacterString>
							</gmd:version>
							<gmd:specification>
								<gco:CharacterString>OGC GeoPackage www.geopackage.org/</gco:CharacterString>
							</gmd:specification>
						</gmd:MD_Format>
					</gmd:distributorFormat>
					<gmd:distributorTransferOptions>
						<gmd:MD_DigitalTransferOptions>
							<gmd:onLine>
								<gmd:CI_OnlineResource>
									<gmd:linkage>
										<gmd:URL>https://www.abs.gov.au/statistics/standards/australian-statistical-geography-standard-asgs-edition-3/jul2021-jun2026</gmd:URL>
									</gmd:linkage>
								</gmd:CI_OnlineResource>
							</gmd:onLine>
							<gmd:offLine>
								<gmd:MD_Medium>
									<gmd:name>
										<gmd:MD_MediumNameCode codeList="http://asdd.ga.gov.au/asdd/profileinfo/gmxCodelists.xml#MD_MediumNameCode" codeListValue="onLine">onLine</gmd:MD_MediumNameCode>
									</gmd:name>
								</gmd:MD_Medium>
							</gmd:offLine>
						</gmd:MD_DigitalTransferOptions>
					</gmd:distributorTransferOptions>
				</gmd:MD_Distributor>
			</gmd:distributor>
		</gmd:MD_Distribution>
	</gmd:distributionInfo>
	<gmd:dataQualityInfo>
		<gmd:DQ_DataQuality>
			<gmd:scope>
				<gmd:DQ_Scope>
					<gmd:level>
						<gmd:MD_ScopeCode codeList="http://asdd.ga.gov.au/asdd/profileinfo/gmxCodelists.xml#MD_ScopeCode" codeListValue="dataset">dataset</gmd:MD_ScopeCode>
					</gmd:level>
					<gmd:levelDescription>
						<gmd:MD_ScopeDescription>
							<gmd:other>
								<gco:CharacterString>dataset</gco:CharacterString>
							</gmd:other>
						</gmd:MD_ScopeDescription>
					</gmd:levelDescription>
				</gmd:DQ_Scope>
			</gmd:scope>
			<gmd:lineage>
				<gmd:LI_Lineage>
					<gmd:statement>
						<gco:CharacterString>Suburb and Locality (SAL) boundaries were created using various sources including the Geoscape digital datasets and ABS boundaries, zoning information from state planning agencies and imagery. State borders are aligned to Australia’s Land Borders dataset produced by Geoscience Australia and available from http://pid.geoscience.gov.au/dataset/ga/140044. Positional Accuracy: Positional accuracy is an assessment of the closeness of the location of the spatial objects in relation to their true positions on the earth's surface. The positional accuracy includes: - a horizontal accuracy assessment - a vertical accuracy assessment. Positional accuracy for ABS boundaries is dependent on the accuracy of the features they have been aligned to. ABS boundaries are aligned to a number of layers supplied by Geoscape with an accuracy of +/- 50 mm. Geoscape layers and their positional accuracy are as follows: - Transport and Topography +/- 2 metres in urban areas and +/- 10 metres in rural and remote areas; - CadLite +/- 2 metres in urban areas and +/- 10 metres in rural and remote areas; - Administrative Boundaries: derived from the cadastre data from each Australian State and Territory jurisdiction; - Greenspace and Hydrology: 90% of well-defined features are within 1 mm (at plot scale) of their true position, e.g. 1:500 equates to +/- 0.5 metre and 1:25,000 equates to +/- 25 metres. No "shift" of data as a means of "cartographic enhancement" to facilitate presentation has been employed for any real world feature. Precision: Boundary coordinates have been rounded to 8 decimal places, equivalent to 1.1132 mm at the equator. All ABS boundaries have been generalised to 5 cm with a 7.5 cm shared boundary tolerance.</gco:CharacterString>
					</gmd:statement>
				</gmd:LI_Lineage>
			</gmd:lineage>
		</gmd:DQ_DataQuality>
	</gmd:dataQualityInfo>
</gmd:MD_Metadata><!--METValidation=True-->
